{"used_strategy": "full-standard", "time_frame": 50, "feature_size": 50, "avg_loss": 1.227164351940155, "avg_accuracy": 0.6010292172431946}