{"used_strategy": "standard", "time_frame": 50, "feature_size": 50, "avg_loss": 1.2567399621009827, "avg_accuracy": 0.6017964035272598}